Tempreture,Q
214,195.17217
211,192.16532
208,189.17653
205,186.20529
202,183.25111
199,180.31347
195,176.42147
192,173.52044
189,170.63422
186,167.7623
183,164.90413
180,162.05919
177,159.22695
174,156.40685
170,152.66469
167,149.87085
164,147.08737
161,144.3137
158,141.54932
155,138.79369
152,136.04628
149,133.30658
146,130.57406
146,130.57406
146,130.57406
146,130.57406
146,130.57406
146,130.57406
146,130.57406
146,130.57406
146,130.57406
